"id"	"SRR330925"	"SRR330926"	"SRR330927"	"SRR330930"	"SRR330931"	"SRR330934"	"SRR330935"	"SRR330937"	"SRR330938"	"SRR330939"	"SRR330940"	"SRR330941"	"SRR330942"	"SRR330943"	"SRR330944"	"SRR330945"	"SRR330946"	"SRR330947"	"SRR330948"	"SRR330950"	"SRR330952"	"SRR330953"	"SRR330954"	"SRR330955"	"SRR330956"	"SRR330957"	"SRR330958"	"SRR330959"	"SRR330960"	"SRR330961"	"SRR6433220"	"SRR6433221"	"SRR6433222"	"chr"	"start"	"end"	"strand"	"AA_length"	"method"	"N_cnt"	"MetID"	"Met_AA_length"	"HMM_profile"	"Viral_BLAST"	"NR_BLAST"	"EVE_BLAST"	"RetroTector"	"Repbase"
"1"	"Hsap38.chr10.104066936.104067457.+"	23	82	29	152	14	25	89	61	70	67	87	73	119	51	129	24	49	102	238	28	221	48	78	41	6	180	42	170	21	23	270	222	122	"10"	104066936	104067457	"+"	174	6	0	"Hsap38.chr10.104067023.104067457.+.M"	145	"gag,Gag_p30"	"YP_002000602.1(hypothetical mature p30(CA) protein [Gibbon ape leukemia virus])"	"XP_005437156.1(PREDICTED: uncharacterized protein LOC102054785 [Falco cherrug])"	"-"	"."	"HERVP71A-int|LTR/ERV1"
"2"	"Hsap38.chr10.120919162.120922155.+"	3	11	13	96	1	3	22	21	11	3	9	29	8	26	15	5	8	47	8	5	31	8	21	13	13	4	3	7	10	4	1680	1468	568	"10"	120919162	120922155	"+"	998	6	0	"Hsap38.chr10.120919615.120922155.+.M"	847	"pol,RVT_1"	"YP_073558.1(RNA-dependent DNA polymerase [Lymphocystis disease virus - isolate China])"	"-"	"-"	"."	"AluSq|SINE/Alu L1PA2|LINE/L1"
"3"	"Hsap38.chr10.130316005.130317120.-"	7	13	6	46	5	1	13	35	16	9	15	35	13	17	20	15	18	44	14	10	31	12	26	21	9	19	6	6	14	4	1306	1284	927	"10"	130316005	130317120	"-"	372	6	0	"Hsap38.chr10.130316005.130316808.-.M"	268	"pol,RVT_1"	"YP_073558.1(RNA-dependent DNA polymerase [Lymphocystis disease virus - isolate China])"	"-"	"-"	"."	"AluYb9|SINE/Alu L1PA3|LINE/L1"
"4"	"Hsap38.chr10.34971015.34971374.+"	54	295	45	444	9	46	191	254	208	71	931	155	524	58	663	23	283	266	536	62	754	253	197	97	18	701	161	432	54	36	234	229	139	"10"	34971015	34971374	"+"	120	7	0	"-"	0	"GAG,GAG_gammaretroviridae"	"-"	"AAP06676.1(retroviral gag protein [Human endogenous retrovirus HCML-ARV])"	"-"	"Gag|c|HERV-E_gag_AL391419_alg2_1fs"	"HERVE-int|LTR/ERV1"
"5"	"Hsap38.chr10.45669393.45670328.+"	3	8	2	39	1	1	15	12	7	2	4	17	10	12	22	1	6	17	20	3	19	2	16	8	4	14	6	25	4	1	1240	1092	456	"10"	45669393	45670328	"+"	312	6	0	"Hsap38.chr10.45669606.45670328.+.M"	241	"pol,RVT_1"	"YP_073558.1(RNA-dependent DNA polymerase [Lymphocystis disease virus - isolate China])"	"AAG27485.1(NAG13 [Homo sapiens])"	"-"	"."	"L1PA6|LINE/L1 AluSp|SINE/Alu"
"6"	"Hsap38.chr10.51978870.51979478.-"	10	42	12	70	5	11	49	48	38	10	69	57	95	30	98	3	22	42	110	14	118	45	75	13	4	97	21	77	8	7	287	236	112	"10"	51978870	51979478	"-"	203	6	0	"Hsap38.chr10.51978870.51979397.-.M"	176	"pol,RVT_1"	"YP_073558.1(RNA-dependent DNA polymerase [Lymphocystis disease virus - isolate China])"	"-"	"-"	"."	"L1PA13|LINE/L1"
"7"	"Hsap38.chr10.56129424.56130062.+"	4	18	16	102	10	2	18	27	17	7	22	26	13	45	23	9	7	43	13	4	30	7	31	5	11	5	4	4	15	1	3451	2819	1357	"10"	56129424	56130062	"+"	213	6	0	"Hsap38.chr10.56129472.56130062.+.M"	197	"pol,RVT_1"	"YP_073558.1(RNA-dependent DNA polymerase [Lymphocystis disease virus - isolate China])"	"-"	"-"	"."	"L1PA8|LINE/L1 AluY|SINE/Alu"
"8"	"Hsap38.chr10.6289668.6290570.-"	5	12	8	25	1	4	16	12	13	9	16	24	12	13	28	3	10	33	27	2	34	14	12	4	9	37	12	33	5	2	705	604	251	"10"	6289668	6290570	"-"	301	6	0	"Hsap38.chr10.6289668.6290411.-.M"	248	"pol,RVT_1"	"YP_073558.1(RNA-dependent DNA polymerase [Lymphocystis disease virus - isolate China])"	"-"	"-"	"."	"L1PA3|LINE/L1 AluSx1|SINE/Alu"
"9"	"Hsap38.chr10.80478803.80480362.-"	3	3	2	22	1	2	11	17	5	6	2	9	4	4	2	2	3	7	7	1	10	1	9	9	5	2	9	2	3	4	189	182	86	"10"	80478803	80480362	"-"	520	6	0	"Hsap38.chr10.80478803.80480227.-.M"	475	"pol,RVT_1"	"YP_073558.1(RNA-dependent DNA polymerase [Lymphocystis disease virus - isolate China])"	"KHM23816.1(endonuclease [Enterobacter aerogenes])"	"-"	"."	"AluSx|SINE/Alu L1PA3|LINE/L1"
"10"	"Hsap38.chr10.87463437.87463766.-"	4	6	3	25	1	4	5	23	7	9	4	17	1	11	2	9	5	5	3	5	14	1	10	2	2	2	1	3	5	2	197	170	101	"10"	87463437	87463766	"-"	110	6	0	"-"	0	"pol,RVT_1"	"YP_073558.1(RNA-dependent DNA polymerase [Lymphocystis disease virus - isolate China])"	"-"	"-"	"."	"AluSp|SINE/Alu L1PA14|LINE/L1"
"11"	"Hsap38.chr11.101419397.101419996.-"	6	12	8	147	2	6	17	135	21	14	34	44	48	35	8	20	23	31	19	6	105	15	25	25	25	16	2	5	11	3	4056	3241	5692	"11"	101419397	101419996	"-"	200	6	0	"Hsap38.chr11.101419397.101419822.-.M"	142	"pol,RVT_1"	"YP_073558.1(RNA-dependent DNA polymerase [Lymphocystis disease virus - isolate China])"	"-"	"-"	"."	"AluYb8|SINE/Alu L1MA5|LINE/L1"
"12"	"Hsap38.chr11.125867105.125867797.-"	16	20	58	260	3	4	59	151	16	29	77	66	68	104	44	23	24	53	28	9	85	17	45	38	41	8	6	6	25	7	7075	5843	2545	"11"	125867105	125867797	"-"	231	7	0	"Hsap38.chr11.125867105.125867743.-.M"	213	"INT,INT_gammaretroviridae"	"-"	"BAE89180.1(unnamed protein product [Macaca fascicularis])"	"-"	"Pol|c|GaLV_U26927"	"AluSq4|SINE/Alu HERVIP10F-int|LTR/ERV1"
"13"	"Hsap38.chr1.112822621.112823292.-"	14	9	28	105	9	9	22	68	32	15	25	56	23	70	18	16	27	56	28	8	52	12	39	25	24	14	3	18	18	5	1358	981	449	"1"	112822621	112823292	"-"	224	7	0	"Hsap38.chr1.112822621.112823166.-.M"	182	"AP,AP_gammaretroviridae|RT,RT_epsilonretroviridae|RT,RT_gammaretroviridae"	"YP_008169843.1(gag-pol polyprotein [Koala retrovirus])"	"XP_007627510.1(PREDICTED: uncharacterized protein LOC103162167 isoform X2)"	"-"	"Pro|b|HML-6p"	"HERVH-int|LTR/ERV1 AluY|SINE/Alu"
"14"	"Hsap38.chr1.119152419.119153711.-"	7	13	13	105	4	8	26	47	38	33	25	51	19	48	26	11	21	48	16	7	38	10	28	11	19	13	14	14	22	4	2033	1691	705	"1"	119152419	119153711	"-"	431	6	0	"Hsap38.chr1.119152419.119153705.-.M"	429	"pol,RVT_1"	"YP_073558.1(RNA-dependent DNA polymerase [Lymphocystis disease virus - isolate China])"	"-"	"-"	"."	"AluYb8|SINE/Alu L1PA4|LINE/L1"
"15"	"Hsap38.chr1.120989385.120989849.-"	7	3	7	39	2	3	19	17	6	12	4	32	8	16	6	7	9	24	6	11	13	3	21	13	4	3	6	7	6	2	194	166	41	"1"	120989385	120989849	"-"	155	7	0	"-"	0	"RNaseH,RNaseH_gammaretroviridae"	"YP_223871.1(protease/polymerase, partial [Reticuloendotheliosis virus])"	"XP_009579255.1(PREDICTED: uncharacterized protein LOC104079068, partial [Fulmarus)"	"-"	"Pol|c|MuLV_pol_U92"	"MER66-int|LTR/ERV1 AluSx1|SINE/Alu"
"16"	"Hsap38.chr1.1500791.1501117.-"	17	29	25	225	7	8	44	71	32	23	25	104	28	96	41	21	24	62	27	29	50	26	64	25	15	19	24	15	23	4	1602	1387	546	"1"	1500791	1501117	"-"	109	6	0	"-"	0	"RNaseH,RNaseH_gammaretroviridae"	"-"	"EAW68605.1(hCG1820850 [Homo sapiens])"	"-"	"."	"AluY|SINE/Alu HERVIP10F-int|LTR/ERV1 AluSx1|SINE/Alu"
"17"	"Hsap38.chr1.154050655.154051287.+"	4	15	18	120	5	2	29	57	9	14	25	65	27	43	18	15	18	64	22	13	56	15	61	23	19	16	10	7	20	3	1186	978	322	"1"	154050655	154051287	"+"	211	7	0	"Hsap38.chr1.154050889.154051287.+.M"	133	"pol,RNase_H|RNaseH,RNaseH_betaretroviridae"	"YP_003864102.1(pol protein, partial [Simian retrovirus 4])"	"AAC63291.1(polymerase, partial [Homo sapiens])"	"-"	"Pol|b|HERV-K10"	"HERVK9-int|LTR/ERVK AluY|SINE/Alu"
"18"	"Hsap38.chr1.155651181.155651708.-"	47	112	53	271	32	33	145	155	118	114	269	188	347	120	198	48	71	206	162	29	214	73	141	49	26	248	61	233	39	14	3504	2898	1594	"1"	155651181	155651708	"-"	176	7	0	"-"	0	"env,TLV_coat|ENV,ENV_D-type_betaretroviridae|ENV,ENV_gammaretroviridae|ENV,ENV_retroviridae"	"NP_056894.1(gp70 SU [Mason-Pfizer monkey virus])|NP_954562.2(gp70 SU [Mason-Pfizer monkey virus])"	"-"	"AAW62451.1(envelope glycoprotein syncytin-B [Rattus norvegicus])"	"Env|c|HERV-W_env_syncytin Env|b|HML2_HOM_env"	"AluY|SINE/Alu HERV4_I-int|LTR/ERV1"
"19"	"Hsap38.chr1.157885014.157885886.+"	1	18	4	18	4	1	24	13	26	7	16	8	19	17	34	4	16	36	27	13	55	38	23	2	3	75	13	62	8	1	157	139	62	"1"	157885014	157885886	"+"	291	6	0	"Hsap38.chr1.157885275.157885886.+.M"	204	"pro,dUTPase"	"YP_009031853.1(hypothetical protein [Pseudomonas phage vB_PaeP_C2-10_Ab09])"	"BAB85007.1(FLJ00254 protein, partial [Homo sapiens])"	"-"	"."	"HERVL-int|LTR/ERVL"
"20"	"Hsap38.chr1.158235475.158236137.+"	17	30	18	151	10	15	42	70	79	46	37	111	31	83	55	38	57	92	32	20	64	36	63	28	28	31	21	24	24	10	4311	3323	1755	"1"	158235475	158236137	"+"	221	6	0	"Hsap38.chr1.158235685.158236137.+.M"	151	"pol,RVT_1"	"YP_073558.1(RNA-dependent DNA polymerase [Lymphocystis disease virus - isolate China])"	"-"	"-"	"."	"AluY|SINE/Alu L1P1|LINE/L1"
"21"	"Hsap38.chr1.169275296.169276120.-"	39	186	42	259	20	20	139	199	140	32	77	260	113	109	89	62	145	168	105	47	328	85	91	200	39	96	90	79	73	19	6010	4896	2876	"1"	169275296	169276120	"-"	275	6	0	"Hsap38.chr1.169275296.169276114.-.M"	273	"pol,RVT_1"	"YP_073558.1(RNA-dependent DNA polymerase [Lymphocystis disease virus - isolate China])"	"-"	"-"	"."	"AluYg6|SINE/Alu L1PA3|LINE/L1"
"22"	"Hsap38.chr11.70059021.70059746.-"	20	29	29	197	2	2	54	71	37	25	37	74	41	81	37	13	22	73	28	7	79	25	59	36	25	23	17	18	24	5	4442	3757	1841	"11"	70059021	70059746	"-"	242	7	0	"Hsap38.chr11.70059021.70059545.-.M"	175	"INT,INT_epsilonretroviridae|INT,INT_gammaretroviridae"	"YP_223871.1(protease/polymerase, partial [Reticuloendotheliosis virus])"	"EHH63249.1(hypothetical protein EGM_16173, partial [Macaca fascicularis])"	"-"	"Pol|c|MuLV_pol_U92"	"AluY|SINE/Alu AluYh3|SINE/Alu HERVH-int|LTR/ERV1"
"23"	"Hsap38.chr1.173232169.173233125.-"	1	5	5	21	1	11	17	6	5	6	6	15	9	7	6	2	10	33	6	4	14	8	11	5	6	7	5	1	6	1	230	203	82	"1"	173232169	173233125	"-"	319	6	0	"Hsap38.chr1.173232169.173232906.-.M"	246	"pol,RVT_1"	"YP_073558.1(RNA-dependent DNA polymerase [Lymphocystis disease virus - isolate China])"	"-"	"-"	"."	"L1P1|LINE/L1 L1P2|LINE/L1"
"24"	"Hsap38.chr11.74081870.74082190.-"	10	11	3	15	1	3	23	4	4	17	22	13	19	10	20	4	6	21	12	6	10	10	8	2	2	21	4	31	7	5	105	68	43	"11"	74081870	74082190	"-"	107	6	0	"Hsap38.chr11.74081870.74081920.-.M"	17	"pol,RVT_1"	"YP_073558.1(RNA-dependent DNA polymerase [Lymphocystis disease virus - isolate China])"	"-"	"-"	"."	"L1P1|LINE/L1 AluY|SINE/Alu"
"25"	"Hsap38.chr1.176412332.176413111.-"	22	88	14	220	7	27	90	64	115	35	183	84	128	69	225	14	70	131	270	25	213	124	135	33	6	372	68	334	27	14	106	86	37	"1"	176412332	176413111	"-"	260	6	0	"Hsap38.chr1.176412332.176412961.-.M"	210	"pol,RVT_1"	"YP_073558.1(RNA-dependent DNA polymerase [Lymphocystis disease virus - isolate China])"	"-"	"-"	"."	"L1PA7|LINE/L1 AluSc8|SINE/Alu"
"26"	"Hsap38.chr12.106612651.106613220.-"	3	21	25	95	3	1	42	64	15	14	20	60	55	47	38	6	34	44	14	3	72	28	56	52	23	21	10	5	14	3	10766	9027	4764	"12"	106612651	106613220	"-"	190	6	0	"Hsap38.chr12.106612651.106613121.-.M"	157	"pol,RVT_1"	"YP_073558.1(RNA-dependent DNA polymerase [Lymphocystis disease virus - isolate China])"	"-"	"-"	"."	"AluSx1|SINE/Alu L1MB3|LINE/L1"
"27"	"Hsap38.chr12.123555466.123555975.+"	4	18	18	89	2	6	25	36	14	8	9	22	14	33	21	15	15	67	18	9	18	10	41	17	6	10	12	3	19	2	5293	4505	1962	"12"	123555466	123555975	"+"	170	7	0	"Hsap38.chr12.123555619.123555975.+.M"	119	"INT,INT_epsilonretroviridae|INT,INT_gammaretroviridae"	"YP_223871.1(protease/polymerase, partial [Reticuloendotheliosis virus])"	"EAW91626.1(hCG2041411, partial [Homo sapiens])"	"-"	"Pol|c|MuLV_pol_U92"	"HERV17-int|LTR/ERV1 AluSx|SINE/Alu"
"28"	"Hsap38.chr12.123556044.123556484.+"	3	25	15	84	2	6	15	51	38	27	29	50	24	45	32	10	13	73	15	5	31	12	27	15	18	6	8	5	13	1	1305	898	355	"12"	123556044	123556484	"+"	147	7	0	"Hsap38.chr12.123556122.123556484.+.M"	121	"INT,INT_gammaretroviridae"	"YP_223871.1(protease/polymerase, partial [Reticuloendotheliosis virus])"	"EAW91626.1(hCG2041411, partial [Homo sapiens])"	"-"	"Pol|c|MuLV_pol_U92"	"AluSx|SINE/Alu HERV17-int|LTR/ERV1"
"29"	"Hsap38.chr12.132893999.132894556.+"	16	31	39	226	11	13	75	88	106	46	62	137	55	120	60	28	33	129	40	22	83	30	83	54	30	23	16	13	35	11	28622	25467	19822	"12"	132893999	132894556	"+"	186	1	0	"-"	0	"RNaseH,RNaseH_gammaretroviridae"	"NP_057933.2(Pr180 [Moloney murine leukemia virus])"	"AAG35515.1(PRO2550 [Homo sapiens])"	"-"	"Pol|c|MuLV_pol_U92"	"AluSp|SINE/Alu HERVH-int|LTR/ERV1"
"30"	"Hsap38.chr1.222961138.222961842.+"	9	16	12	94	5	8	43	43	16	28	23	45	25	43	20	12	14	51	27	9	40	10	28	22	13	8	9	3	21	3	4220	3655	1771	"1"	222961138	222961842	"+"	235	6	0	"Hsap38.chr1.222961195.222961842.+.M"	216	"pol,RVT_1"	"YP_073558.1(RNA-dependent DNA polymerase [Lymphocystis disease virus - isolate China])"	"-"	"-"	"."	"L1PA8A|LINE/L1 AluSc|SINE/Alu"
"31"	"Hsap38.chr1.235849257.235850027.+"	10	23	12	63	8	13	32	14	5	21	28	27	66	30	56	8	18	32	38	10	62	14	33	15	2	49	10	53	4	3	125	112	34	"1"	235849257	235850027	"+"	257	6	0	"Hsap38.chr1.235849323.235850027.+.M"	235	"pol,RVT_1"	"YP_073558.1(RNA-dependent DNA polymerase [Lymphocystis disease virus - isolate China])"	"-"	"-"	"."	"L1PB1|LINE/L1"
"32"	"Hsap38.chr1.246535304.246535654.+"	10	16	16	77	1	7	22	36	8	29	22	35	17	26	15	11	18	39	21	9	36	11	31	15	12	22	13	15	12	1	2721	2357	953	"1"	246535304	246535654	"+"	117	7	0	"Hsap38.chr1.246535310.246535654.+.M"	115	"INT,INT_gammaretroviridae"	"YP_223871.1(protease/polymerase, partial [Reticuloendotheliosis virus])"	"EAW91626.1(hCG2041411, partial [Homo sapiens])"	"-"	"Pol|c|GaLV_U26927"	"HUERS-P3-int|LTR/ERV1 AluY|SINE/Alu"
"33"	"Hsap38.chr12.50870045.50871085.+"	10	22	18	118	8	7	40	71	49	32	46	48	39	61	47	13	33	113	19	36	49	22	26	28	34	19	28	9	16	7	2350	1996	1054	"12"	50870045	50871085	"+"	347	6	0	"Hsap38.chr12.50870240.50871085.+.M"	282	"pol,RVT_1"	"YP_073558.1(RNA-dependent DNA polymerase [Lymphocystis disease virus - isolate China])"	"-"	"-"	"."	"AluSx1|SINE/Alu AluSx3|SINE/Alu L1PB1|LINE/L1"
"34"	"Hsap38.chr12.57961640.57962227.+"	31	34	8	135	9	36	46	24	44	62	107	57	47	42	77	18	46	69	163	29	133	48	84	27	15	160	23	444	39	10	58	70	15	"12"	57961640	57962227	"+"	196	6	0	"Hsap38.chr12.57961727.57962227.+.M"	167	"pol,RVT_1"	"YP_073558.1(RNA-dependent DNA polymerase [Lymphocystis disease virus - isolate China])"	"ELR58139.1(hypothetical protein M91_02702, partial [Bos mutus])"	"-"	"."	"L1PB1|LINE/L1"
"35"	"Hsap38.chr1.28587759.28588130.-"	4	16	7	70	3	8	36	28	22	8	21	30	34	26	23	6	16	35	25	3	36	12	29	7	9	25	7	15	13	2	5759	5088	3296	"1"	28587759	28588130	"-"	124	6	0	"Hsap38.chr1.28587759.28588109.-.M"	117	"ENV,ENV_gammaretroviridae"	"-"	"-"	"AHZ59674.1(envelope protein syncytin-Mar1 [Ictidomys tridecemlineatus])|AHZ59675.1(envelope protein syncytin-Mar1 [Otospermophilus beecheyi])|AHZ59676.1(envelope protein syncytin-Mar1 [Marmota monax])|AHZ59677.1(envelope protein syncytin-Mar1 [Marmota sibirica])|AHZ59678.1(envelope protein syncytin-Mar1 [Urocitellus richardsonii])|AHZ59679.1(envelope protein syncytin-Mar1 [Urocitellus parryii])|AHZ59680.1(envelope protein syncytin-Mar1 [Spermophilus erythrogenys])|AHZ59681.1(envelope protein syncytin-Mar1 [Tamias speciosus])"	"."	"Harlequin-int|LTR/ERV1 AluY|SINE/Alu"
"36"	"Hsap38.chr1.30206866.30207978.+"	23	38	9	98	17	36	53	40	45	17	27	45	94	32	110	10	44	70	113	17	111	40	39	17	5	171	40	212	24	10	210	161	88	"1"	30206866	30207978	"+"	371	6	0	"Hsap38.chr1.30206995.30207978.+.M"	328	"pol,RNase_H|RNaseH,RNaseH_epsilonretroviridae|RNaseH,RNaseH_gammaretroviridae"	"YP_001994914.1(hypothetical mature RT protein [Friend murine leukemia virus])"	"AAB35641.1(human endogenous retrovirus H element-like protein [marmosets, New)"	"-"	"Env|c|GaLV_env"	"HERVH-int|LTR/ERV1"
"37"	"Hsap38.chr1.31497190.31497696.-"	268	946	627	2891	77	148	2315	1285	725	192	1614	1699	2877	993	1807	136	2323	5461	712	162	5225	465	2334	507	1136	762	204	174	844	207	92	67	22	"1"	31497190	31497696	"-"	169	6	0	"Hsap38.chr1.31497190.31497549.-.M"	120	"pol,RVT_1"	"YP_073558.1(RNA-dependent DNA polymerase [Lymphocystis disease virus - isolate China])"	"-"	"-"	"."	"L1PA5|LINE/L1 U6|snRNA L1MB7|LINE/L1"
"38"	"Hsap38.chr13.62153715.62154665.+"	4	10	40	136	2	12	35	63	16	24	40	50	31	67	36	6	21	72	26	6	52	16	46	14	30	17	10	17	19	2	2601	2171	1190	"13"	62153715	62154665	"+"	317	7	0	"Hsap38.chr13.62154261.62154665.+.M"	135	"pol,RVT_1|RT,RT_betaretroviridae|RT,RT_deltaretroviridae|RT,RT_epsilonretroviridae|RT,RT_gammaretroviridae|RT,RT_spumaretroviridae"	"NP_047255.1(Gag-Pro-Pol precursor polyprotein gPr80 [Feline leukemia virus])|NP_057933.2(Pr180 [Moloney murine leukemia virus])|NP_955591.1(p80 RT [Moloney murine leukemia virus])"	"EAW96383.1(hCG2040432, partial [Homo sapiens])"	"-"	"Pol|c|MuLV_pol_U92"	"AluYk2|SINE/Alu HERV30-int|LTR/ERV1"
"39"	"Hsap38.chr13.86055298.86055720.+"	6	8	1	25	3	7	16	10	4	10	11	7	20	4	21	3	16	15	29	6	25	7	12	6	1	48	4	25	8	1	75	40	25	"13"	86055298	86055720	"+"	141	6	0	"Hsap38.chr13.86055367.86055720.+.M"	118	"pol,RVT_1"	"YP_073558.1(RNA-dependent DNA polymerase [Lymphocystis disease virus - isolate China])"	"-"	"-"	"."	"L1PBa|LINE/L1"
"40"	"Hsap38.chr13.95429601.95429969.-"	7	16	18	106	2	4	39	55	30	27	32	80	31	40	30	15	21	87	20	13	34	6	31	26	12	10	9	5	21	1	1856	1658	726	"13"	95429601	95429969	"-"	123	6	0	"Hsap38.chr13.95429601.95429777.-.M"	59	"pol,RVT_1"	"YP_073558.1(RNA-dependent DNA polymerase [Lymphocystis disease virus - isolate China])"	"-"	"-"	"."	"L1PA7|LINE/L1 AluSx|SINE/Alu"
"41"	"Hsap38.chr14.90243335.90243625.+"	13	45	37	243	6	15	76	128	72	34	70	137	58	182	91	20	47	139	53	26	83	31	78	44	37	37	32	35	42	10	5866	4876	2527	"14"	90243335	90243625	"+"	97	4	0	"Hsap38.chr14.90243431.90243625.+.M"	65	"RT,RT_epsilonretroviridae"	"NP_045937.1(Pr gag-pro-pol [Walleye dermal sarcoma virus])"	"BAC86879.1(unnamed protein product [Homo sapiens])"	"-"	"."	"MER4B-int|LTR/ERV1 AluSx1|SINE/Alu"
"42"	"Hsap38.chr1.52129950.52130435.+"	4	4	9	11	2	1	6	5	5	2	5	11	3	4	2	1	3	7	5	1	3	4	8	4	4	1	1	1	4	1	329	206	88	"1"	52129950	52130435	"+"	162	6	0	"Hsap38.chr1.52130340.52130435.+.M"	32	"pol,RVT_1"	"YP_073558.1(RNA-dependent DNA polymerase [Lymphocystis disease virus - isolate China])"	"-"	"-"	"."	"AluSz|SINE/Alu L1P3|LINE/L1"
"43"	"Hsap38.chr15.44455208.44455921.-"	21	18	14	96	8	17	34	34	23	13	20	20	47	17	67	10	25	38	76	14	63	22	31	13	1	97	19	114	11	5	531	507	167	"15"	44455208	44455921	"-"	238	6	0	"Hsap38.chr15.44455208.44455813.-.M"	202	"pol,RVT_1"	"YP_073558.1(RNA-dependent DNA polymerase [Lymphocystis disease virus - isolate China])"	"ENN96851.1(RNA-directed DNA polymerase [Pseudoalteromonas agarivorans S816])"	"-"	"."	"L1PA5|LINE/L1 AluYe5|SINE/Alu"
"44"	"Hsap38.chr15.46258735.46259418.-"	7	14	3	29	3	10	11	16	14	5	17	19	44	12	35	3	18	21	50	7	63	15	22	7	3	59	4	62	7	4	170	130	52	"15"	46258735	46259418	"-"	228	6	0	"Hsap38.chr15.46258735.46259331.-.M"	199	"pol,RVT_1"	"YP_073558.1(RNA-dependent DNA polymerase [Lymphocystis disease virus - isolate China])"	"-"	"-"	"."	"AluSx3|SINE/Alu L1PREC2|LINE/L1"
"45"	"Hsap38.chr1.54912445.54913068.-"	1	14	15	97	4	4	30	40	31	17	31	88	23	31	33	12	18	88	18	3	33	11	36	15	18	11	16	9	15	5	4220	3885	1429	"1"	54912445	54913068	"-"	208	7	0	"Hsap38.chr1.54912445.54913041.-.M"	199	"env,TLV_coat|ENV,ENV_D-type_betaretroviridae|ENV,ENV_gammaretroviridae|ENV,ENV_retroviridae"	"NP_041262.1(envelope glycoprotein [Squirrel monkey retrovirus])|NP_056894.1(gp70 SU [Mason-Pfizer monkey virus])|NP_954562.2(gp70 SU [Mason-Pfizer monkey virus])|NP_954563.1(gp20 TM [Mason-Pfizer monkey virus])"	"BAB47555.1(envelope protein, partial [Homo sapiens])"	"AAM68166.1(envelope glycoprotein [Pan troglodytes])|ABB73024.1(syncytin 1 [Gorilla gorilla])"	"Pol|c|GaLV_U26927 Pol|c|MuLV_pol_U92"	"AluY|SINE/Alu (AAAAT)n|Simple_repeat HERV17-int|LTR/ERV1"
"46"	"Hsap38.chr15.54888096.54888596.+"	9	16	1	28	5	11	24	24	10	8	31	14	62	6	28	1	32	21	33	5	74	17	14	5	1	83	11	56	4	7	33	51	14	"15"	54888096	54888596	"+"	167	7	0	"Hsap38.chr15.54888285.54888596.+.M"	104	"pol,RVT_1|RT,RT_alpharetroviridae|RT,RT_betaretroviridae|RT,RT_deltaretroviridae|RT,RT_lentiviridae"	"NP_056880.1(Pr160 [Mouse mammary tumor virus])|NP_955564.1(p30DU-p13PR-RT-IN [Mouse mammary tumor virus])"	"-"	"-"	"Pol|b|HERV-K10"	"HERVK22-int|LTR/ERVK"
"47"	"Hsap38.chr15.66449762.66451471.+"	5	33	18	97	5	6	48	49	66	23	37	78	18	85	57	12	25	104	23	24	37	17	36	24	26	20	17	10	17	4	5600	4165	2018	"15"	66449762	66451471	"+"	570	6	0	"Hsap38.chr15.66449966.66451471.+.M"	502	"pol,RVT_1"	"YP_073558.1(RNA-dependent DNA polymerase [Lymphocystis disease virus - isolate China])"	"-"	"-"	"."	"AluSq2|SINE/Alu L1ME1|LINE/L1 L1HS|LINE/L1"
"48"	"Hsap38.chr15.66970844.66972049.-"	3	13	10	84	6	6	25	28	76	11	30	49	21	42	18	14	12	70	11	30	28	4	29	11	17	10	13	5	14	2	1939	1624	724	"15"	66970844	66972049	"-"	402	7	0	"Hsap38.chr15.66970844.66971935.-.M"	364	"pol,RVT_1|RT,RT_17_6|RT,RT_badnavirus|RT,RT_betaretroviridae|RT,RT_deltaretroviridae|RT,RT_epsilonretroviridae|RT,RT_gammaretroviridae|RT,RT_gmr1|RT,RT_micropia_mdg3|RT,RT_pyggy|RT,RT_spumaretroviridae"	"NP_057933.2(Pr180 [Moloney murine leukemia virus])|NP_955591.1(p80 RT [Moloney murine leukemia virus])|YP_001994914.1(hypothetical mature RT protein [Friend murine leukemia virus])"	"EAW82343.1(hCG2041486, partial [Homo sapiens])"	"NP_001128360.1(retrotransposon-like protein 1 [Homo sapiens])"	"Pol|c|MuLV_pol_U92"	"AluY|SINE/Alu HERV17-int|LTR/ERV1"
"49"	"Hsap38.chr15.75083584.75084387.-"	1	3	5	38	2	2	18	14	8	6	6	23	6	34	6	3	12	24	7	2	16	1	21	10	7	9	7	4	1	1	9307	8745	7109	"15"	75083584	75084387	"-"	268	6	0	"Hsap38.chr15.75083584.75084315.-.M"	244	"pol,RVT_1"	"YP_073558.1(RNA-dependent DNA polymerase [Lymphocystis disease virus - isolate China])"	"-"	"-"	"."	"AluSx4|SINE/Alu L1P2|LINE/L1"
"50"	"Hsap38.chr15.89236798.89237691.-"	1	21	7	65	1	4	22	22	63	8	60	24	24	15	28	2	14	21	28	2	191	8	19	13	7	18	5	17	9	1	4105	3595	1852	"15"	89236798	89237691	"-"	298	7	0	"Hsap38.chr15.89236798.89237637.-.M"	280	"pol,RVT_thumb|RT,RT_alpharetroviridae|RT,RT_betaretroviridae"	"NP_056891.1(RT-IN [Mason-Pfizer monkey virus])|NP_954565.2(RT-IN [Mason-Pfizer monkey virus])"	"-"	"-"	"Pol|b|HERV-K10"	"AluY|SINE/Alu HERVK9-int|LTR/ERVK"
"51"	"Hsap38.chr16.10445717.10445995.-"	3	3	8	36	2	7	8	19	9	2	8	22	7	26	3	4	8	18	5	4	17	2	16	5	3	3	5	3	4	1	2286	2083	758	"16"	10445717	10445995	"-"	93	7	0	"-"	0	"RNaseH,RNaseH_gammaretroviridae"	"YP_002000606.1(Hypothetical mature RT protein [Gibbon ape leukemia virus])"	"XP_008641738.1(PREDICTED: uncharacterized protein LOC103624289 [Corvus)"	"-"	"Pol|c|GaLV_U26927"	"AluSp|SINE/Alu HERVI-int|LTR/ERV1"
"52"	"Hsap38.chr16.30101225.30101911.+"	5	4	2	7	1	2	7	5	8	13	4	9	5	7	8	6	6	10	8	8	3	8	8	1	2	7	5	7	1	1	44	43	19	"16"	30101225	30101911	"+"	229	7	0	"Hsap38.chr16.30101561.30101911.+.M"	117	"pol,RNase_H|RNaseH,RNaseH_epsilonretroviridae|RNaseH,RNaseH_gammaretroviridae"	"NP_955591.1(p80 RT [Moloney murine leukemia virus])"	"XP_008641738.1(PREDICTED: uncharacterized protein LOC103624289 [Corvus)"	"-"	"Pol|c|MuLV_pol_U92"	"AluSx3|SINE/Alu HERVIP10F-int|LTR/ERV1"
"53"	"Hsap38.chr1.6568262.6568711.-"	1	11	13	94	2	2	40	35	33	23	26	74	14	46	28	11	19	49	17	4	38	10	42	28	20	9	13	10	16	7	2433	1998	1212	"1"	6568262	6568711	"-"	150	7	0	"Hsap38.chr1.6568262.6568657.-.M"	132	"gag,Gag_p30"	"NP_057858.1(Pr65 [Moloney murine sarcoma virus])"	"BAC85331.1(unnamed protein product [Homo sapiens])"	"-"	"Gag|d|HTLV_1_Gag_Seiki Gag|c|HERV-H_gag_rekonstr"	"AluY|SINE/Alu HERVFH21-int|LTR/ERV1"
"54"	"Hsap38.chr1.65740097.65740879.-"	4	4	4	56	3	4	8	22	7	1	17	16	8	15	4	1	1	8	14	1	20	5	4	10	6	4	1	5	8	3	884	747	258	"1"	65740097	65740879	"-"	261	6	0	"Hsap38.chr1.65740097.65740876.-.M"	260	"pol,RVT_1"	"YP_073558.1(RNA-dependent DNA polymerase [Lymphocystis disease virus - isolate China])"	"ETO03995.1(hypothetical protein RFI_33407, partial [Reticulomyxa filosa])"	"-"	"."	"AluY|SINE/Alu L1PA7|LINE/L1"
"55"	"Hsap38.chr17.19889695.19890720.-"	248	415	79	667	88	251	292	357	334	366	478	343	530	163	554	196	404	503	745	191	899	258	261	173	25	1576	221	1537	181	90	74	104	29	"17"	19889695	19890720	"-"	342	7	0	"Hsap38.chr17.19889695.19890480.-.M"	262	"pol,RNase_H|RNaseH,RNaseH_epsilonretroviridae|RNaseH,RNaseH_gammaretroviridae"	"YP_001994914.1(hypothetical mature RT protein [Friend murine leukemia virus])"	"AAB26734.1(reverse transcriptase homolog, partial [Homo sapiens])"	"-"	"Pol|g|HERV_E_4_1_Trolig_POL_M10976 Pol|c|GaLV_U26927"	"HERVH-int|LTR/ERV1"
"56"	"Hsap38.chr1.74399077.74399556.+"	6	74	15	147	2	7	46	140	52	8	189	35	478	19	74	3	78	96	102	9	296	47	60	11	4	170	25	79	7	4	485	375	192	"1"	74399077	74399556	"+"	160	7	0	"Hsap38.chr1.74399200.74399556.+.M"	119	"INT,INT_gammaretroviridae"	"YP_223871.1(protease/polymerase, partial [Reticuloendotheliosis virus])"	"XP_006153151.1(PREDICTED: uncharacterized protein C19orf82-like [Tupaia)"	"-"	"Pol|c|MuLV_pol_U92"	"AluSq2|SINE/Alu HERVP71A-int|LTR/ERV1"
"57"	"Hsap38.chr17.53810947.53812833.+"	79	39	59	77	17	50	58	50	18	22	49	31	61	43	32	21	47	32	229	37	139	43	49	24	34	33	14	33	83	9	526	589	260	"17"	53810947	53812833	"+"	629	6	0	"Hsap38.chr17.53810992.53812833.+.M"	614	"pol,RVT_1"	"YP_073558.1(RNA-dependent DNA polymerase [Lymphocystis disease virus - isolate China])"	"WP_001897351.1(endonuclease [Helicobacter pylori])"	"-"	"."	"L1PA3|LINE/L1 (TA)n|Simple_repeat (TC)n|Simple_repeat"
"58"	"Hsap38.chr17.74586470.74587000.+"	4	3	9	77	2	7	28	29	16	18	16	55	9	47	26	10	13	42	17	10	17	7	34	20	9	8	15	2	24	2	1986	1653	682	"17"	74586470	74587000	"+"	177	7	0	"Hsap38.chr17.74586473.74587000.+.M"	176	"pro,dUTPase|DUT,DUT_betaretroviridae"	"YP_003864101.1(protease, partial [Simian retrovirus 4])"	"-"	"-"	"Gag|b|HML-6p Pro|b|HML-6p"	"HERVK3-int|LTR/ERVK AluSp|SINE/Alu"
"59"	"Hsap38.chr17.77168723.77169139.-"	3	10	2	25	1	4	18	18	22	5	29	31	93	5	31	2	6	15	38	2	61	15	24	1	1	28	5	42	8	7	279	242	116	"17"	77168723	77169139	"-"	139	6	0	"-"	0	"ENV,ENV_epsilonretroviridae"	"YP_443923.1(envelope protein [Atlantic salmon swim bladder sarcoma virus])"	"XP_005276087.1(PREDICTED: ERV-FRD provirus ancestral Env polyprotein-like isoform)"	"-"	"."	"(T)n|Simple_repeat HERVIP10B3-int|LTR/ERV1"
"60"	"Hsap38.chr1.78218064.78219080.+"	6	9	10	69	1	4	15	55	22	14	24	32	37	40	38	7	12	35	33	9	51	21	31	12	18	39	14	31	8	4	2480	1889	848	"1"	78218064	78219080	"+"	339	6	0	"Hsap38.chr1.78218280.78219080.+.M"	267	"pol,RVT_1"	"YP_073558.1(RNA-dependent DNA polymerase [Lymphocystis disease virus - isolate China])"	"AAG27485.1(NAG13 [Homo sapiens])"	"-"	"."	"AluSx3|SINE/Alu L1PBa1|LINE/L1"
"61"	"Hsap38.chr18.15308600.15309007.-"	27	53	5	9	68	35	24	31	86	87	28	41	23	6	27	94	41	28	82	22	63	82	19	46	14	52	21	41	36	5	16	8	3	"18"	15308600	15309007	"-"	136	7	0	"Hsap38.chr18.15308600.15308629.-.M"	10	"ENV,ENV_epsilonretroviridae"	"YP_443923.1(envelope protein [Atlantic salmon swim bladder sarcoma virus])"	"-"	"-"	"Env|c|GaLV_env"	"HERVIP10F-int|LTR/ERV1"
"62"	"Hsap38.chr18.43337381.43337701.-"	15	23	4	38	5	18	31	15	16	14	63	18	61	17	63	5	20	29	49	5	103	16	13	7	5	61	12	84	6	1	154	119	69	"18"	43337381	43337701	"-"	107	6	0	"Hsap38.chr18.43337381.43337539.-.M"	53	"pol,RVT_1"	"YP_073558.1(RNA-dependent DNA polymerase [Lymphocystis disease virus - isolate China])"	"-"	"-"	"."	"L1PB1|LINE/L1 L1PB|LINE/L1"
"63"	"Hsap38.chr18.51957606.51957899.+"	5	15	13	90	4	6	31	71	24	27	35	36	31	63	22	13	17	55	27	12	27	15	31	15	32	13	13	8	10	6	1398	1284	488	"18"	51957606	51957899	"+"	98	7	0	"-"	0	"RT,RT_gammaretroviridae"	"NP_056790.1(Pol polyprotein, partial [Gibbon ape leukemia virus])|YP_002000606.1(Hypothetical mature RT protein [Gibbon ape leukemia virus])"	"EAW64091.1(hCG1813943 [Homo sapiens])"	"-"	"Pol|c|GaLV_U26927"	"AluSp|SINE/Alu PABL_B-int|LTR/ERV1"
"64"	"Hsap38.chr19.20364293.20364778.+"	6	10	2	14	3	2	11	7	5	8	10	8	18	9	32	11	7	8	12	6	27	9	3	4	2	21	18	6	5	2	33	18	11	"19"	20364293	20364778	"+"	162	7	0	"Hsap38.chr19.20364371.20364778.+.M"	136	"GAG,GAG_gammaretroviridae"	"NP_056789.1(Gag polyprotein [Gibbon ape leukemia virus])"	"AAP06676.1(retroviral gag protein [Human endogenous retrovirus HCML-ARV])"	"-"	"Gag|c|HERV-T_gag_rekonstruerad"	"HERVS71-int|LTR/ERV1"
"65"	"Hsap38.chr19.22646487.22647026.-"	2	18	21	105	4	7	14	87	22	28	29	42	36	56	18	15	20	34	27	9	60	12	26	18	14	17	15	6	13	3	1062	870	359	"19"	22646487	22647026	"-"	180	6	0	"Hsap38.chr19.22646487.22646777.-.M"	97	"pol,RVT_1"	"YP_073558.1(RNA-dependent DNA polymerase [Lymphocystis disease virus - isolate China])"	"WP_032631627.1(endonuclease, partial [Pseudomonas syringae])"	"-"	"."	"L1PA8A|LINE/L1 AluSp|SINE/Alu"
"66"	"Hsap38.chr19.22884101.22884733.+"	3	25	8	79	2	9	43	38	32	18	37	50	30	32	28	20	28	114	10	26	50	18	40	26	21	18	25	12	12	4	1042	829	348	"19"	22884101	22884733	"+"	211	6	0	"Hsap38.chr19.22884110.22884733.+.M"	208	"gag,Gag_p30"	"NP_955585.1(p30 CA [Moloney murine leukemia virus])"	"EAW68108.1(hCG2040415, partial [Homo sapiens])"	"-"	"."	"HUERS-P3b-int|LTR/ERV1 AluSx3|SINE/Alu"
"67"	"Hsap38.chr19.35575321.35575665.-"	245	319	198	1953	105	277	803	8113	225	483	2267	501	5192	267	1389	224	465	941	700	150	5232	579	349	685	1387	612	292	200	221	73	6241	2424	2633	"19"	35575321	35575665	"-"	115	7	0	"Hsap38.chr19.35575321.35575446.-.M"	42	"pol,RNase_H|RNaseH,RNaseH_betaretroviridae"	"NP_955564.1(p30DU-p13PR-RT-IN [Mouse mammary tumor virus])"	"-"	"-"	"Pol|b|HERV-K10"	"HERVK-int|LTR/ERVK LSU-rRNA_Hsa|rRNA"
"68"	"Hsap38.chr19.52899258.52899599.-"	1	7	8	26	2	1	9	8	9	6	9	21	6	15	9	3	10	33	12	7	4	5	14	4	4	4	4	2	5	2	590	427	228	"19"	52899258	52899599	"-"	114	7	0	"Hsap38.chr19.52899258.52899269.-.M"	4	"ENV,ENV_gammaretroviridae"	"-"	"EAW74675.1(hCG2039029, partial [Homo sapiens])"	"AHZ59681.1(envelope protein syncytin-Mar1 [Tamias speciosus])"	"Pol|b|HERV-K10"	"Harlequin-int|LTR/ERV1 AluY|SINE/Alu"
"69"	"Hsap38.chr19.55125007.55125678.+"	2	6	4	28	1	1	11	23	9	2	6	14	9	12	11	2	8	19	9	3	12	3	13	8	10	8	4	3	3	2	5259	4813	2343	"19"	55125007	55125678	"+"	224	7	0	"Hsap38.chr19.55125061.55125678.+.M"	206	"pro,RVP|AP,AP_gammaretroviridae"	"NP_040333.1(Pol polyprotein, partial [Friend murine leukemia virus])"	"AAA65999.1(neutral protease large subunit, partial [Homo sapiens])"	"-"	"Pol|c|GaLV_U26927"	"HERVH-int|LTR/ERV1 AluY|SINE/Alu"
"70"	"Hsap38.chr19.5854684.5855229.+"	15	44	48	238	10	12	79	117	46	34	55	108	41	95	73	26	51	171	39	19	72	31	73	37	42	27	27	12	38	10	89894	81196	58728	"19"	5854684	5855229	"+"	182	1	0	"Hsap38.chr19.5854897.5855229.+.M"	111	"AP,AP_gammaretroviridae"	"YP_443922.1(polyprotein [Atlantic salmon swim bladder sarcoma virus])"	"EHH51985.1(hypothetical protein EGM_12341, partial [Macaca fascicularis])"	"-"	"Pro|c|HERV_E_4_1_Trolig_POL_M10976"	"HERVH-int|LTR/ERV1 AluSx1|SINE/Alu"
"71"	"Hsap38.chr20.18518318.18519001.-"	18	63	11	117	4	15	62	58	121	17	96	59	154	29	137	4	59	79	151	16	163	83	81	30	5	273	47	198	17	20	108	66	46	"20"	18518318	18519001	"-"	228	7	0	"Hsap38.chr20.18518318.18518944.-.M"	209	"RNaseH,RNaseH_gammaretroviridae"	"YP_001497148.1(gag-pol precursor polyprotein [RD114 retrovirus])"	"AAB26734.1(reverse transcriptase homolog, partial [Homo sapiens])"	"-"	"Pol|c|GaLV_U26927"	"HERVH-int|LTR/ERV1"
"72"	"Hsap38.chr20.20315964.20316905.-"	8	22	24	99	4	7	33	36	19	26	29	42	20	48	19	20	5	55	12	13	25	13	38	21	20	8	9	6	10	5	2845	2307	1443	"20"	20315964	20316905	"-"	314	6	0	"Hsap38.chr20.20315964.20316746.-.M"	261	"pol,RVT_1"	"YP_073558.1(RNA-dependent DNA polymerase [Lymphocystis disease virus - isolate China])"	"KHK05566.1(groupII intron-encoded protein [Listeria monocytogenes SHL001])"	"-"	"."	"AluSz6|SINE/Alu AluSz|SINE/Alu L1PA3|LINE/L1"
"73"	"Hsap38.chr2.115288576.115289139.+"	5	6	5	53	2	4	11	17	9	14	13	35	11	29	9	7	4	20	8	6	17	5	16	10	5	5	6	3	4	4	997	762	377	"2"	115288576	115289139	"+"	188	6	0	"Hsap38.chr2.115288951.115289139.+.M"	63	"pol,RVT_1"	"YP_073558.1(RNA-dependent DNA polymerase [Lymphocystis disease virus - isolate China])"	"-"	"-"	"."	"AluSx1|SINE/Alu L1P4|LINE/L1"
"74"	"Hsap38.chr21.24994435.24994827.+"	24	28	4	17	57	54	35	25	70	57	18	22	26	6	18	48	29	33	33	7	40	60	9	13	14	34	18	16	19	5	350	227	131	"21"	24994435	24994827	"+"	131	6	0	"Hsap38.chr21.24994582.24994827.+.M"	82	"env,TLV_coat|ENV,ENV_D-type_betaretroviridae|ENV,ENV_gammaretroviridae"	"NP_954563.1(gp20 TM [Mason-Pfizer monkey virus])|YP_003864103.1(envelope protein [Simian retrovirus 4])"	"-"	"NP_001014771.1(envelope glycoprotein syncytin-A precursor [Rattus norvegicus])"	"."	"AluSg|SINE/Alu HERV9NC-int|LTR/ERV1 HUERS-P3-int|LTR/ERV1"
"75"	"Hsap38.chr2.229180578.229181012.-"	567	1922	10412	2957	92	293	2979	8153	1692	504	3161	10133	4180	5723	2290	506	905	1688	2547	430	7794	673	6010	3911	2147	966	1009	210	1250	563	25105	9685	14334	"2"	229180578	229181012	"-"	145	6	0	"Hsap38.chr2.229180578.229180847.-.M"	90	"GAG,GAG_betaretroviridae"	"-"	"-"	"-"	"."	"MER5A|DNA/hAT-Charlie HERVK-int|LTR/ERVK LSU-rRNA_Hsa|rRNA"
"76"	"Hsap38.chr22.36484152.36484613.-"	12	33	37	189	5	5	85	74	44	23	44	79	56	83	39	17	39	97	49	14	97	28	69	32	31	23	17	14	24	7	51677	46014	27811	"22"	36484152	36484613	"-"	154	6	0	"Hsap38.chr22.36484152.36484568.-.M"	139	"RT,RT_epsilonretroviridae|RT,RT_gammaretroviridae"	"NP_047255.1(Gag-Pro-Pol precursor polyprotein gPr80 [Feline leukemia virus])|NP_955577.1(pol gene polyprotein [Feline leukemia virus])|NP_955579.1(reverse transcriptase [Feline leukemia virus])"	"EAW62308.1(ubiquinol-cytochrome c reductase, complex III subunit VII, 9.5kDa)"	"-"	"."	"Charlie9|DNA/hAT-Charlie AluSz|SINE/Alu HERVIP10F-int|LTR/ERV1"
"77"	"Hsap38.chr2.33661483.33662157.+"	7	12	7	84	1	4	24	28	17	9	22	40	17	40	17	5	11	40	18	4	28	12	31	7	14	5	4	4	10	1	10981	9639	5390	"2"	33661483	33662157	"+"	225	7	0	"Hsap38.chr2.33662014.33662157.+.M"	48	"pol,RVT_1|RT,RT_deltaretroviridae|RT,RT_epsilonretroviridae|RT,RT_gammaretroviridae"	"NP_040333.1(Pol polyprotein, partial [Friend murine leukemia virus])|NP_044738.1(Pol, partial [Rauscher murine leukemia virus])|NP_057933.2(Pr180 [Moloney murine leukemia virus])|NP_955591.1(p80 RT [Moloney murine leukemia virus])|YP_001994914.1(hypothetical mature RT protein [Friend murine leukemia virus])"	"AAB66528.1(polyprotein, partial [Multiple sclerosis associated retrovirus])"	"-"	"Pol|c|MuLV_pol_U92"	"HERV17-int|LTR/ERV1 AluY|SINE/Alu"
"78"	"Hsap38.chr2.37130314.37130580.+"	4	18	19	119	3	2	30	76	14	19	23	44	24	53	19	14	16	52	23	7	48	9	28	24	13	14	13	5	20	3	2055	1499	736	"2"	37130314	37130580	"+"	89	7	0	"-"	0	"RT,RT_epsilonretroviridae|RT,RT_gammaretroviridae"	"-"	"-"	"-"	"Pol|c|GaLV_U26927"	"AluSq2|SINE/Alu HERVFH19-int|LTR/ERV1"
"79"	"Hsap38.chr2.8896050.8896445.-"	7	9	12	85	3	2	19	37	22	14	37	43	12	31	18	21	16	45	17	3	22	10	32	20	15	9	7	5	18	2	3672	2963	1459	"2"	8896050	8896445	"-"	132	6	0	"-"	0	"env,TLV_coat|ENV,ENV_D-type_betaretroviridae|ENV,ENV_gammaretroviridae|ENV,ENV_retroviridae"	"YP_003864103.1(envelope protein [Simian retrovirus 4])"	"-"	"AAW62451.1(envelope glycoprotein syncytin-B [Rattus norvegicus])"	"."	"AluY|SINE/Alu HERV9NC-int|LTR/ERV1"
"80"	"Hsap38.chr3.111526432.111526842.+"	2	12	2	25	2	3	15	6	15	11	19	16	27	10	12	1	2	18	24	2	16	2	17	4	1	21	3	36	2	5	242	215	114	"3"	111526432	111526842	"+"	137	7	0	"Hsap38.chr3.111526528.111526842.+.M"	105	"RT,RT_alpharetroviridae|RT,RT_betaretroviridae|RT,RT_deltaretroviridae"	"NP_056880.1(Pr160 [Mouse mammary tumor virus])"	"-"	"-"	"Pol|b|HML6.17"	"HERVK11-int|LTR/ERVK"
"81"	"Hsap38.chr3.127894545.127895027.+"	4	8	4	22	2	2	14	17	9	13	11	26	18	21	12	4	2	23	5	3	9	4	15	6	9	9	2	11	7	1	7415	6178	5517	"3"	127894545	127895027	"+"	161	7	0	"Hsap38.chr3.127894575.127895027.+.M"	151	"RT,RT_gammaretroviridae"	"YP_223871.1(protease/polymerase, partial [Reticuloendotheliosis virus])"	"XP_004089732.1(PREDICTED: zinc finger protein ENSP00000375192-like [Nomascus)"	"-"	"Pol|c|GaLV_U26927"	"AluY|SINE/Alu HERVIP10F-int|LTR/ERV1"
"82"	"Hsap38.chr3.128857527.128858258.-"	1	4	14	43	6	5	17	19	13	11	21	14	11	21	16	6	14	28	14	5	20	9	17	3	3	7	6	11	6	3	7247	6625	3967	"3"	128857527	128858258	"-"	244	7	0	"Hsap38.chr3.128857527.128858135.-.M"	203	"gag,Gag_p30|GAG,GAG_gammaretroviridae"	"YP_223870.1(gag protein [Reticuloendotheliosis virus])"	"AAP06676.1(retroviral gag protein [Human endogenous retrovirus HCML-ARV])"	"-"	"Gag|c|HERV-E_gag_AL391419_alg2_1fs"	"AluY|SINE/Alu HERV3-int|LTR/ERV1"
"83"	"Hsap38.chr3.136032717.136033229.-"	5	8	10	30	2	4	14	12	5	14	10	19	6	45	11	8	6	19	8	4	11	9	15	15	5	5	6	4	7	2	1477	1310	545	"3"	136032717	136033229	"-"	171	6	0	"Hsap38.chr3.136032717.136033211.-.M"	165	"pol,RVT_1"	"YP_073558.1(RNA-dependent DNA polymerase [Lymphocystis disease virus - isolate China])"	"-"	"-"	"."	"AluY|SINE/Alu L1PB1|LINE/L1"
"84"	"Hsap38.chr3.22447222.22447884.+"	12	37	10	62	9	19	40	24	54	20	60	67	61	29	56	23	34	55	69	14	52	24	32	21	11	78	12	110	12	13	578	512	232	"3"	22447222	22447884	"+"	221	6	0	"Hsap38.chr3.22447222.22447884.+.M"	221	"pol,RVT_1"	"YP_073558.1(RNA-dependent DNA polymerase [Lymphocystis disease virus - isolate China])"	"WP_032631627.1(endonuclease, partial [Pseudomonas syringae])"	"-"	"."	"L1PA4|LINE/L1 AluYc|SINE/Alu"
"85"	"Hsap38.chr3.27154694.27155338.+"	4	5	13	50	1	5	29	16	6	11	13	22	10	19	10	9	10	41	15	11	20	1	26	8	21	7	10	1	9	4	2469	2419	941	"3"	27154694	27155338	"+"	215	6	0	"Hsap38.chr3.27154700.27155338.+.M"	213	"pol,RVT_1"	"YP_073558.1(RNA-dependent DNA polymerase [Lymphocystis disease virus - isolate China])"	"-"	"-"	"."	"L1PB1|LINE/L1 AluSc|SINE/Alu"
"86"	"Hsap38.chr3.43356061.43356558.+"	11	45	62	404	5	10	133	120	55	43	66	125	75	159	64	19	59	208	63	17	138	32	104	60	58	38	25	13	43	9	23270	19765	9478	"3"	43356061	43356558	"+"	166	6	0	"Hsap38.chr3.43356106.43356558.+.M"	151	"pol,RVT_1"	"YP_073558.1(RNA-dependent DNA polymerase [Lymphocystis disease virus - isolate China])"	"-"	"-"	"."	"L1PREC2|LINE/L1 AluSx4|SINE/Alu"
"87"	"Hsap38.chr3.49546032.49546415.+"	5	11	7	62	5	3	33	22	15	10	12	29	15	45	20	11	18	55	9	7	27	12	15	14	14	6	8	3	6	6	7375	6178	3338	"3"	49546032	49546415	"+"	128	6	0	"Hsap38.chr3.49546089.49546415.+.M"	109	"env,TLV_coat|ENV,ENV_D-type_betaretroviridae|ENV,ENV_gammaretroviridae|ENV,ENV_retroviridae"	"YP_223872.1(envelope glycoprotein [Reticuloendotheliosis virus])"	"EAW95069.1(hCG1818479 [Homo sapiens])"	"AAW62451.1(envelope glycoprotein syncytin-B [Rattus norvegicus])"	"."	"HERV9NC-int|LTR/ERV1 AluSp|SINE/Alu"
"88"	"Hsap38.chr4.152824136.152824672.+"	4	20	35	126	3	7	52	68	43	23	29	78	39	96	45	16	25	74	34	9	50	25	48	11	34	28	13	14	19	3	12206	9858	4913	"4"	152824136	152824672	"+"	179	6	0	"Hsap38.chr4.152824268.152824672.+.M"	135	"pol,RVT_1"	"-"	"-"	"-"	"."	"AluSz|SINE/Alu L1PB3|LINE/L1"
"89"	"Hsap38.chr5.14642732.14643325.-"	5	21	12	79	1	5	13	22	18	12	17	55	7	66	35	7	14	53	19	10	23	11	24	11	23	13	10	4	15	3	1763	1529	692	"5"	14642732	14643325	"-"	198	6	0	"Hsap38.chr5.14642732.14643268.-.M"	179	"pol,RVT_1"	"YP_073558.1(RNA-dependent DNA polymerase [Lymphocystis disease virus - isolate China])"	"-"	"-"	"."	"AluSx1|SINE/Alu L1P4|LINE/L1"
"90"	"Hsap38.chr5.35997296.35997661.+"	5	15	22	136	5	7	45	81	62	13	36	57	31	73	29	10	27	54	21	7	71	11	38	26	27	15	22	11	22	5	4204	3913	2111	"5"	35997296	35997661	"+"	122	5	0	"Hsap38.chr5.35997362.35997661.+.M"	100	"RT,RT_epsilonretroviridae"	"-"	"-"	"-"	"Pol|c|MuLV_pol_U92"	"AluSx1|SINE/Alu PRIMA4-int|LTR/ERV1"
"91"	"Hsap38.chr5.37266028.37266894.-"	4	12	30	60	3	6	24	41	10	13	19	56	23	43	30	2	11	47	19	8	28	10	22	7	15	8	9	5	13	4	16810	14676	11886	"5"	37266028	37266894	"-"	289	7	0	"Hsap38.chr5.37266028.37266603.-.M"	192	"INT,INT_gammaretroviridae|INT,INT_spumaretroviridae"	"NP_047255.1(Gag-Pro-Pol precursor polyprotein gPr80 [Feline leukemia virus])|NP_955577.1(pol gene polyprotein [Feline leukemia virus])"	"CCD13218.1(unnamed protein product, partial [Trypanosoma congolense IL3000])"	"-"	"Pol|s|HTLV_I_Pol_J02029"	"HERVL-int|LTR/ERVL AluSx1|SINE/Alu"
"92"	"Hsap38.chr5.57099842.57100528.+"	3	3	10	28	1	2	14	17	6	7	9	25	6	22	3	1	4	12	9	4	15	1	10	2	8	1	3	4	6	2	1831	1632	779	"5"	57099842	57100528	"+"	229	6	0	"Hsap38.chr5.57099899.57100528.+.M"	210	"pol,RVT_1"	"YP_073558.1(RNA-dependent DNA polymerase [Lymphocystis disease virus - isolate China])"	"-"	"-"	"."	"L1PBa1|LINE/L1 AluSc|SINE/Alu"
"93"	"Hsap38.chr6.35335600.35336595.+"	4	18	13	94	3	2	19	44	22	9	23	51	16	26	26	10	24	74	9	13	19	15	39	15	12	13	21	5	10	5	3546	2870	1208	"6"	35335600	35336595	"+"	332	6	0	"Hsap38.chr6.35335675.35336595.+.M"	307	"pol,RVT_1"	"YP_073558.1(RNA-dependent DNA polymerase [Lymphocystis disease virus - isolate China])"	"-"	"-"	"."	"L1P2|LINE/L1 AluSx1|SINE/Alu"
"94"	"Hsap38.chr6.56190959.56191420.+"	4	3	1	28	6	3	13	13	6	13	8	13	3	23	4	4	12	20	9	1	21	2	9	6	8	11	1	1	4	2	486	367	182	"6"	56190959	56191420	"+"	154	4	0	"Hsap38.chr6.56191274.56191420.+.M"	49	"pol,RVT_1"	"YP_073558.1(RNA-dependent DNA polymerase [Lymphocystis disease virus - isolate China])"	"ENN96851.1(RNA-directed DNA polymerase [Pseudoalteromonas agarivorans S816])"	"-"	"."	"L1PA7|LINE/L1 AluSx3|SINE/Alu"
"95"	"Hsap38.chr7.7471846.7472142.+"	255	450	78	329	243	232	108	481	383	292	167	533	58	70	120	697	793	166	758	547	544	389	381	353	63	772	372	579	474	143	218	144	86	"7"	7471846	7472142	"+"	99	6	0	"Hsap38.chr7.7471924.7472142.+.M"	73	"pol,RVT_1"	"YP_073558.1(RNA-dependent DNA polymerase [Lymphocystis disease virus - isolate China])"	"-"	"-"	"."	"AluSx1|SINE/Alu L1PB1|LINE/L1"
"96"	"Hsap38.chr8.12904977.12905870.-"	17	35	36	47	23	45	37	33	15	37	35	23	67	37	48	36	28	31	98	37	44	32	37	21	17	37	36	22	25	4	106	59	24	"8"	12904977	12905870	"-"	298	6	0	"Hsap38.chr8.12904977.12905807.-.M"	277	"pol,RVT_1"	"YP_073558.1(RNA-dependent DNA polymerase [Lymphocystis disease virus - isolate China])"	"KHK05566.1(groupII intron-encoded protein [Listeria monocytogenes SHL001])"	"-"	"."	"L1PA8|LINE/L1 MADE1|DNA/TcMar-Mariner"
"97"	"Hsap38.chr8.94293543.94293938.+"	91	81	210	84	42	141	83	134	47	184	172	64	89	61	84	114	130	214	197	101	225	78	52	88	94	142	96	104	79	35	53	37	24	"8"	94293543	94293938	"+"	132	6	0	"Hsap38.chr8.94293885.94293938.+.M"	18	"pol,RVT_1"	"YP_073558.1(RNA-dependent DNA polymerase [Lymphocystis disease virus - isolate China])"	"-"	"-"	"."	"MADE1|DNA/TcMar-Mariner L1PA8|LINE/L1"
"98"	"Hsap38.chr8.97533944.97534699.+"	1	6	8	35	2	2	8	11	2	3	9	10	3	19	7	3	2	15	8	4	15	3	5	6	1	1	1	1	9	2	1675	1449	858	"8"	97533944	97534699	"+"	252	4	0	"Hsap38.chr8.97534001.97534699.+.M"	233	"pol,RVT_1"	"YP_073558.1(RNA-dependent DNA polymerase [Lymphocystis disease virus - isolate China])"	"WP_032631627.1(endonuclease, partial [Pseudomonas syringae])"	"-"	"."	"L1PA7|LINE/L1 AluSx3|SINE/Alu"
"99"	"Hsap38.chr9.88632313.88632858.-"	3	18	18	77	1	4	30	37	22	6	26	46	19	32	34	9	15	86	14	7	26	8	30	10	17	12	9	1	13	2	14384	12104	6017	"9"	88632313	88632858	"-"	182	6	0	"Hsap38.chr9.88632313.88632681.-.M"	123	"pol,RVT_1"	"YP_073558.1(RNA-dependent DNA polymerase [Lymphocystis disease virus - isolate China])"	"WP_032631627.1(endonuclease, partial [Pseudomonas syringae])"	"-"	"."	"L1PA14|LINE/L1 AluJo|SINE/Alu"
"100"	"Hsap38.chrX.106305196.106305579.-"	12	11	16	11	13	18	15	13	7	24	16	29	6	14	8	14	33	35	53	18	9	24	17	15	3	29	22	38	7	6	12	14	1	"X"	106305196	106305579	"-"	128	6	0	"Hsap38.chrX.106305196.106305297.-.M"	34	"pol,RVT_1"	"YP_073558.1(RNA-dependent DNA polymerase [Lymphocystis disease virus - isolate China])"	"WP_029759554.1(hypothetical protein, partial [Fusobacterium nucleatum])"	"-"	"."	"L1MA1|LINE/L1 HSMAR1|DNA/TcMar-Mariner"
"101"	"Hsap38.chrY.17335311.17335919.+"	2	10	12	68	1	4	21	42	15	20	13	30	14	44	8	10	18	25	10	3	25	6	29	8	13	4	2	3	10	3	8630	8104	6023	"Y"	17335311	17335919	"+"	203	7	0	"Hsap38.chrY.17335374.17335919.+.M"	182	"RNaseH,RNaseH_betaretroviridae"	"-"	"EAW63194.1(hCG2040615, partial [Homo sapiens])"	"-"	"Pol|b|HML6.17"	"HERVK3-int|LTR/ERVK AluSc|SINE/Alu"
